{
  "totalMiles": 925.0930060947104,
  "totalGallons": 82.08232287784718
}